id,text
collapsed_passage,"A pile of rubble blocks the corridor ahead."
collapsed_passage_a0_act,"Scout a way around"
collapsed_passage_a0_win,"You find a crawlspace skirting the rubble — a modest shortcut."
collapsed_passage_a0_lose,"Every side passage dead-ends. The long way it is."
collapsed_passage_a1_act,"Clear the rubble"
collapsed_passage_a1_win,"You heave the debris aside, revealing a shortcut deeper into the dungeon."
collapsed_passage_a1_lose,"The rubble is too dense. The party takes the long way around."
collapsed_passage_a2_act,"Smash straight through"
collapsed_passage_a2_win,"Stone explodes outward — a clean tunnel, and loose valuables in the fill!"
collapsed_passage_a2_lose,"The heap shifts and half-buries you."
heave_the_gate,"A rusted portcullis bars the way to a side chamber. A chest gleams beyond."
heave_the_gate_a0_act,"Look for a winch"
heave_the_gate_a0_win,"You find the rusted winch and crank the gate open enough to reach through."
heave_the_gate_a0_lose,"The winch mechanism is destroyed. No easy way in."
heave_the_gate_a1_act,"Lift the portcullis"
heave_the_gate_a1_win,"With a groan of straining metal, the gate rises. The chest is yours."
heave_the_gate_a1_lose,"The gate won't budge. You'll need another way in."
heave_the_gate_a2_act,"Wrench it off its rails"
heave_the_gate_a2_win,"The whole gate tears free! Nothing stands between you and the loot."
heave_the_gate_a2_lose,"The gate snaps back down, catching your arm."
crack_the_wall,"This section of wall sounds hollow."
crack_the_wall_a0_act,"Tap for weak spots"
crack_the_wall_a0_win,"You find a loose block and slide it out — coins glint in the cavity."
crack_the_wall_a0_lose,"Solid rock everywhere you tap."
crack_the_wall_a1_act,"Shoulder the wall"
crack_the_wall_a1_win,"Stone crumbles away, revealing a hidden cache of gold!"
crack_the_wall_a1_lose,"Just solid rock. The effort leaves you winded and empty-handed."
crack_the_wall_a2_act,"Bring the whole wall down"
crack_the_wall_a2_win,"The wall collapses — behind it, a forgotten strongbox!"
crack_the_wall_a2_lose,"The ceiling sheds rubble on your head."
rope_bridge,"A frayed rope bridge spans a deep chasm. A chest is tied at its midpoint."
rope_bridge_a0_act,"Test each plank first"
rope_bridge_a0_win,"Slow and steady — you reach the chest and haul it back."
rope_bridge_a0_lose,"Too many planks are rotten through. Not worth the fall."
rope_bridge_a1_act,"Cross with grace"
rope_bridge_a1_win,"You cross with fluid grace, claiming the isolated chest."
rope_bridge_a1_lose,"The bridge sways violently. You retreat to solid ground."
rope_bridge_a2_act,"Everyone rushes across"
rope_bridge_a2_win,"The whole party thunders across before the ropes can complain — and strips the bridge of everything!"
rope_bridge_a2_lose,"Planks snap under the weight. Bruised bodies dangle from the ropes."
shattered_floor,"Crumbling tiles span a gap. A potion sits on a pedestal on the far side."
shattered_floor_a0_act,"Chart the solid tiles"
shattered_floor_a0_win,"You map a safe route tile by tile and retrieve the prize."
shattered_floor_a0_lose,"Cracks run through every tile. No safe path exists."
shattered_floor_a1_act,"Spring across"
shattered_floor_a1_win,"Light on your feet, you spring across the broken tiles and grab the prize!"
shattered_floor_a1_lose,"A tile gives way beneath you! You take a nasty tumble."
shattered_floor_a2_act,"Leap the whole gap"
shattered_floor_a2_win,"One impossible leap — you stick the landing and sweep the pedestal clean!"
shattered_floor_a2_lose,"You come up short and crash into the pit."
narrow_ledge,"A crumbling ledge hugs the wall, barely a foot wide. Something glints in an alcove ahead."
narrow_ledge_a0_act,"Rope up and anchor"
narrow_ledge_a0_win,"Anchored and careful, you retrieve the stash without a scare."
narrow_ledge_a0_lose,"No solid anchor point holds. You abandon the attempt."
narrow_ledge_a1_act,"Edge along the ledge"
narrow_ledge_a1_win,"You edge along with perfect balance and claim the hidden stash."
narrow_ledge_a1_lose,"A pebble skitters into the void. Too risky — you turn back."
narrow_ledge_a2_act,"Sprint the ledge"
narrow_ledge_a2_win,"You dash the ledge like a mountain goat and scoop up everything in the alcove!"
narrow_ledge_a2_lose,"The ledge crumbles mid-stride. You catch yourself hard on the lip."
locked_chest,"An ornate chest with a complex locking mechanism sits against the wall."
locked_chest_a0_act,"Study the mechanism"
locked_chest_a0_win,"You find the maker's release catch hidden under the lid. Click."
locked_chest_a0_lose,"The mechanism is beyond you. The chest stays shut."
locked_chest_a1_act,"Pick the lock"
locked_chest_a1_win,"The lock clicks open! Inside you find treasure."
locked_chest_a1_lose,"The lock jams. The chest won't budge."
locked_chest_a2_act,"Pry it open"
locked_chest_a2_win,"The lid tears off its hinges — everything inside is yours!"
locked_chest_a2_lose,"A needle trap fires from the strained lock."
trapped_reliquary,"A gem rests on a pressure-plate pedestal. One wrong move could trigger a trap."
trapped_reliquary_a0_act,"Map the trigger plates"
trapped_reliquary_a0_win,"You chart every plate and lift the gem from the one blind angle."
trapped_reliquary_a0_lose,"The trigger pattern defeats you. Better left alone."
trapped_reliquary_a1_act,"Lift the gem gently"
trapped_reliquary_a1_win,"With nerves of steel, you lift the gem without triggering the mechanism."
trapped_reliquary_a1_lose,"The mechanism clicks ominously. You retreat empty-handed."
trapped_reliquary_a2_act,"Snatch and run"
trapped_reliquary_a2_win,"Grab, sprint, slide — the darts hit nothing but wall. What a haul!"
trapped_reliquary_a2_lose,"A volley of darts finds you mid-sprint."
disarm_the_contraption,"A tripwire stretches across the passage, connected to something deadly."
disarm_the_contraption_a0_act,"Trace the tripwire"
disarm_the_contraption_a0_win,"You follow the wire to its housing and simply step around the whole rig — pocketing the trapper's stash."
disarm_the_contraption_a0_lose,"The wire vanishes into the wall. You give it a wide berth."
disarm_the_contraption_a1_act,"Disarm the mechanism"
disarm_the_contraption_a1_win,"You carefully dismantle the trap, revealing a cache of gold behind it."
disarm_the_contraption_a1_lose,"A dart fires from the wall! You flinch back empty-handed."
disarm_the_contraption_a2_act,"Smash through and grab everything"
disarm_the_contraption_a2_win,"You barrel through before the trap can cycle — and rip its gilded housing off the wall!"
disarm_the_contraption_a2_lose,"The trap fires true. That one hurt."
sleeping_guardian,"A hibernating beast blocks the passage to a glittering hoard."
sleeping_guardian_a0_act,"Find a wide berth"
sleeping_guardian_a0_win,"You spot a drainage crawl that loops behind the beast. Slow, filthy, effective."
sleeping_guardian_a0_lose,"No way around. The beast guards the only path."
sleeping_guardian_a1_act,"Slip past silently"
sleeping_guardian_a1_win,"You slip past without a sound, claiming the treasure behind it."
sleeping_guardian_a1_lose,"The beast stirs! The party flees the room."
sleeping_guardian_a2_act,"The whole party sneaks the hoard"
sleeping_guardian_a2_win,"Impossibly, five sets of boots make no sound. You strip the hoard bare!"
sleeping_guardian_a2_lose,"Someone kicks a coin. The beast's roar echoes through the dungeon."
hidden_stash,"The monsters must have hidden something in this room."
hidden_stash_a0_act,"Scan for loose stones"
hidden_stash_a0_win,"A scuffed flagstone gives it away — a small pouch of gold underneath."
hidden_stash_a0_lose,"If there's a stash here, it's hidden too well."
hidden_stash_a1_act,"Ease it out without springing the bell"
hidden_stash_a1_win,"Tucked behind a loose stone — and rigged to a bell — you find a pouch of gold. The bell never rings."
hidden_stash_a1_lose,"The bell clangs. The prize drops into a chute and is gone."
hidden_stash_a2_act,"Grab it fast"
hidden_stash_a2_win,"Faster than the trap can trigger — you rip the whole stash free!"
hidden_stash_a2_lose,"The alarm bell rings through the halls. Something answers."
rune_sealed_door,"Glowing runes pulse on a sealed stone door."
rune_sealed_door_a0_act,"Recall the sigil lore"
rune_sealed_door_a0_win,"You remember this school of warding — and its standard master phrase. The seal fades."
rune_sealed_door_a0_lose,"The sigils match nothing you've read."
rune_sealed_door_a1_act,"Trace counter-runes"
rune_sealed_door_a1_win,"You trace the counter-runes — the seal dissolves, opening the way to a bonus chamber."
rune_sealed_door_a1_lose,"The runes flare but hold. The door stays sealed."
rune_sealed_door_a2_act,"Overload the seal"
rune_sealed_door_a2_win,"You pour raw magic into the ward until it bursts — the chamber and its riches lie open!"
rune_sealed_door_a2_lose,"The ward discharges into you with a crack."
crystal_conduit,"Floating crystals hum with untapped energy, begging for alignment."
crystal_conduit_a0_act,"Study the resonance"
crystal_conduit_a0_win,"You deduce the alignment sequence and nudge one crystal — the rest follow."
crystal_conduit_a0_lose,"The pattern shifts faster than you can chart it."
crystal_conduit_a1_act,"Align the crystals"
crystal_conduit_a1_win,"The crystals lock into alignment, creating a teleport nexus for this floor."
crystal_conduit_a1_lose,"The crystals dim. The resonance eludes you."
crystal_conduit_a2_act,"Force the resonance"
crystal_conduit_a2_win,"You slam the frequencies together — the nexus roars to life, shedding crystal shards worth a fortune!"
crystal_conduit_a2_lose,"A crystal shatters, spraying you with shards."
identify_enchantment,"Magical residue lingers from the defeated caster."
identify_enchantment_a0_act,"Sift the residue"
identify_enchantment_a0_win,"Scorch marks point the way — you sketch a partial route toward the boss lair."
identify_enchantment_a0_lose,"The residue is too scattered to read."
identify_enchantment_a1_act,"Read the residue"
identify_enchantment_a1_win,"The residue reveals a vision of the boss chamber and its location on your map."
identify_enchantment_a1_lose,"The residue fades too quickly to read."
annal_tablet,"An ancient stone tablet is carved with intricate script."
annal_tablet_a0_act,"Copy the carvings"
annal_tablet_a0_win,"Your careful rubbing captures a floor plan etched into the border."
annal_tablet_a0_lose,"The rubbing smears. Nothing legible survives."
annal_tablet_a1_act,"Translate the script"
annal_tablet_a1_win,"You decipher the annals — the floor layout is revealed on your minimap."
annal_tablet_a1_lose,"The script is too eroded to read."
annal_tablet_a2_act,"Divine the meaning"
annal_tablet_a2_win,"You let the tablet speak through you — the whole floor unfolds in your mind, and the vision points to buried coin!"
annal_tablet_a2_lose,"The divination collapses into noise and a splitting headache."
tomb_rite,"A sarcophagus bears funerary inscriptions."
tomb_rite_a0_act,"Offer a simple blessing"
tomb_rite_a0_win,"The spirit accepts your respect. The lid slides open an inch — enough."
tomb_rite_a0_lose,"The blessing goes unanswered. The lid stays sealed."
tomb_rite_a1_act,"Recite the burial rites"
tomb_rite_a1_win,"You recite the ancient rites. The sarcophagus opens, yielding fine grave goods."
tomb_rite_a1_lose,"A spectral wail echoes through the chamber, but the lid holds."
tomb_rite_a2_act,"Force the lid"
tomb_rite_a2_win,"Stone grinds aside — the occupant was buried with everything they owned!"
tomb_rite_a2_lose,"The lid slams back down on your fingers, and a chill saps your strength."
architect_insight,"The room's architectural style is distinctive."
architect_insight_a0_act,"Pace the walls"
architect_insight_a0_win,"One wall is two feet thicker than it should be. A secret door!"
architect_insight_a0_lose,"The walls measure true. Nothing hidden."
architect_insight_a1_act,"Read the builder's style"
architect_insight_a1_win,"You recognize the builder's mark — a secret door is nearby!"
architect_insight_a1_lose,"The room looks ordinary. No secrets here."
hidden_armory,"This room feels like it might have a concealed storage area."
hidden_armory_a0_act,"Check for scuff marks"
hidden_armory_a0_win,"Drag marks lead to a false panel — a piece of gear inside!"
hidden_armory_a0_lose,"The floor tells you nothing."
hidden_armory_a1_act,"Search methodically"
hidden_armory_a1_win,"Behind a false wall panel, you discover a piece of gear!"
hidden_armory_a1_lose,"You find nothing of value."
hidden_armory_a2_act,"Tear out the panels"
hidden_armory_a2_win,"You rip every panel off the walls — an entire hidden rack of equipment!"
hidden_armory_a2_lose,"A panel splinters, driving spikes into your hand."
pressure_plate_puzzle,"A patterned floor stretches ahead. One wrong step and darts fly."
pressure_plate_puzzle_a0_act,"Watch the dust patterns"
pressure_plate_puzzle_a0_win,"Undisturbed dust marks the safe tiles. You cross to the pedestal at a stroll."
pressure_plate_puzzle_a0_lose,"The dust lies evenly everywhere. No hints."
pressure_plate_puzzle_a1_act,"Deduce the safe path"
pressure_plate_puzzle_a1_win,"You map the safe path and reach the reward pedestal at the center."
pressure_plate_puzzle_a1_lose,"A wrong step triggers a dart trap! The party takes some scratches."
pressure_plate_puzzle_a2_act,"Dance across the plates"
pressure_plate_puzzle_a2_win,"You cartwheel through the dart volleys untouched and empty the pedestal — twice over!"
pressure_plate_puzzle_a2_lose,"Darts fill the air, and you catch several."
search_for_clues,"A discarded journal lies in the corner."
search_for_clues_a0_act,"Skim the journal"
search_for_clues_a0_win,"A few legible pages hold useful notes about this dungeon."
search_for_clues_a0_lose,"The journal is mostly illegible."
search_for_clues_a1_act,"Cross-reference the entries"
search_for_clues_a1_win,"Dates and names line up — the journal yields real tactical insight."
search_for_clues_a1_lose,"The references lead nowhere."
overgrown_grove,"Rare alchemical herbs grow among the ancient roots."
overgrown_grove_a0_act,"Gather the obvious herbs"
overgrown_grove_a0_win,"You collect the common healing herbs you recognize on sight."
overgrown_grove_a0_lose,"The plants are common weeds. Nothing useful."
overgrown_grove_a1_act,"Harvest the rare specimens"
overgrown_grove_a1_win,"You gather several prime specimens — enough for healing potions!"
overgrown_grove_a1_lose,"The rare herbs crumble at your touch. Wrong season."
overgrown_grove_a2_act,"Strip the whole grove"
overgrown_grove_a2_win,"You harvest everything — a full satchel of alchemical treasure!"
overgrown_grove_a2_lose,"A defensive bloom bursts, searing your skin with sap."
mushroom_chamber,"A dazzling array of fungi covers the walls. Some heal — some kill."
mushroom_chamber_a0_act,"Pick only what you know"
mushroom_chamber_a0_win,"A modest handful of trusted caps — the party shares a small meal."
mushroom_chamber_a0_lose,"Nothing here you can vouch for. Better hungry than dead."
mushroom_chamber_a1_act,"Sort edible from deadly"
mushroom_chamber_a1_win,"You sort the edible from the poisonous. The party shares the safe ones."
mushroom_chamber_a1_lose,"Sleep spores trigger! The party coughs in the haze."
mushroom_chamber_a2_act,"Trust your gut and feast"
mushroom_chamber_a2_win,"Every cap you pick is a restorative rarity — the party feasts!"
mushroom_chamber_a2_lose,"That one was definitely poison."
toxic_pool,"A pool of bubbling gas fills a low section of the room. A stash glints on the far side."
toxic_pool_a0_act,"Wait and watch the fumes"
toxic_pool_a0_win,"The gas ebbs on a cycle. You time your crossing and back with room to spare."
toxic_pool_a0_lose,"The fumes never thin. Not worth the lungs."
toxic_pool_a1_act,"Read the gas currents"
toxic_pool_a1_win,"You identify the clear route through the gas and reach the stash."
toxic_pool_a1_lose,"The gas stings your eyes. You retreat."
toxic_pool_a2_act,"Hold breath and dash"
toxic_pool_a2_win,"Thirty seconds of sprinting through poison — and you carry back everything!"
toxic_pool_a2_lose,"You gasp halfway. The gas burns going down."
desecrated_shrine,"A once-holy shrine has been corrupted by dark energy."
desecrated_shrine_a0_act,"Cleanse the outer icons"
desecrated_shrine_a0_win,"The icons brighten. A gentle warmth settles over the party as it rests."
desecrated_shrine_a0_lose,"The grime won't lift. The corruption runs deeper than the surface."
desecrated_shrine_a1_act,"Perform the purification"
desecrated_shrine_a1_win,"The shrine glows with restored light — the party rests, fully healed!"
desecrated_shrine_a1_lose,"The corruption holds. The shrine remains defiled."
desecrated_shrine_a2_act,"Burn out the corruption"
desecrated_shrine_a2_win,"Dark energy screams out of the stone — the shrine blazes, and its offering bowl fills with old tithes!"
desecrated_shrine_a2_lose,"The corruption lashes back before the ritual completes."
heretic_ward,"Profane symbols seal this door."
heretic_ward_a0_act,"Find the anchor glyph"
heretic_ward_a0_win,"Every ward has a keystone. You scratch through it and the seal unravels."
heretic_ward_a0_lose,"The glyphs loop into themselves. No anchor found."
heretic_ward_a1_act,"Recite the counter-litany"
heretic_ward_a1_win,"Your recitation breaks the ward! The door swings open to a bonus chamber."
heretic_ward_a1_lose,"The symbols flash red. The door stays sealed."
heretic_ward_a2_act,"Break the door down"
heretic_ward_a2_win,"Ward or no ward, hinges are hinges. The chamber and everything in it is yours!"
heretic_ward_a2_lose,"The ward detonates with a thunderclap heard through the whole floor."
holy_symbol,"A buried relic peeks from the rubble."
holy_symbol_a0_act,"Dig it out carefully"
holy_symbol_a0_win,"You free the relic intact — a collector will pay well."
holy_symbol_a0_lose,"It crumbles as you pull. Just corroded tin."
holy_symbol_a1_act,"Identify the relic"
holy_symbol_a1_win,"You recognize the holy symbol and recover it properly — a valuable find!"
holy_symbol_a1_lose,"Just a rock. Nothing special."
caged_beast,"A magical creature is trapped in a cage. It looks scared but not hostile."
caged_beast_a0_act,"Read its body language"
caged_beast_a0_win,"You understand what it needs and it warms to you, sniffing out hidden things nearby."
caged_beast_a0_lose,"The creature stays pressed to the far bars."
caged_beast_a1_act,"Befriend the creature"
caged_beast_a1_win,"You befriend the creature! It follows the party, sniffing out hidden items."
caged_beast_a1_lose,"The creature cowers in the back of its cage, unreachable."
caged_beast_a2_act,"Open the cage"
caged_beast_a2_win,"It bounds out — and adopts the whole party, dragging over a buried keepsake as tribute!"
caged_beast_a2_lose,"It panics and rakes you on the way out."
pack_beast,"A spooked pack mule carries valuable goods. It's about to bolt."
pack_beast_a0_act,"Calm it with fodder"
pack_beast_a0_win,"It settles over a handful of feed and lets you unstrap a saddlebag."
pack_beast_a0_lose,"It shies from your hand and trots away."
pack_beast_a1_act,"Soothe the mule"
pack_beast_a1_win,"You soothe the mule. It drops its cargo before trotting off."
pack_beast_a1_lose,"The mule bolts with the goods."
pack_beast_a2_act,"Grab the harness"
pack_beast_a2_win,"You wrestle the mule still — every saddlebag is yours!"
pack_beast_a2_lose,"A hoof catches you square in the ribs."
lost_pet,"A lost drake pup sniffs at your pack."
lost_pet_a0_act,"Leave a scent trail"
lost_pet_a0_win,"It follows the trail of jerky right to you — then leads you to its owner's pack."
lost_pet_a0_lose,"It loses interest and skitters off."
lost_pet_a1_act,"Win its trust"
lost_pet_a1_win,"The drake wags its tail and leads you to its former owner's stash!"
lost_pet_a1_lose,"It runs away before you can approach."
mimic_sense,"Something feels wrong about that chest in the corner."
mimic_sense_a0_act,"Watch from a distance"
mimic_sense_a0_win,"You catch it breathing. Mimic confirmed — the party won't be surprised."
mimic_sense_a0_lose,"It looks like a chest. Probably. You keep your distance anyway."
mimic_sense_a1_act,"Study its tells"
mimic_sense_a1_win,"You spot the telltale signs — it's a mimic! The party strikes first."
mimic_sense_a1_lose,"Seems normal enough. You proceed cautiously."
mimic_sense_a2_act,"Poke it with a sword"
mimic_sense_a2_win,"It shrieks and spits out its swallowed hoard before fleeing into the dark!"
mimic_sense_a2_lose,"It bites the sword — and your arm with it."
merchant_riddle,"The camp merchant smiles slyly. ""Answer my riddle, and the discount is steep."""
merchant_riddle_a0_act,"Recall old riddle-lore"
merchant_riddle_a0_win,"An old chestnut — you've read this one. The merchant grumbles and pays out."
merchant_riddle_a0_lose,"None of your books covered this one."
merchant_riddle_a1_act,"See through the trick"
merchant_riddle_a1_win,"You see through the merchant's trick and claim the prize!"
merchant_riddle_a1_lose,"The riddle stumps you. You pay the normal price."
fake_wall,"The room feels slightly too small for its outer dimensions."
fake_wall_a0_act,"Listen for drafts"
fake_wall_a0_win,"A whisper of moving air betrays the seam. The hidden room opens."
fake_wall_a0_lose,"The air is dead still."
fake_wall_a1_act,"Feel what's off about the room"
fake_wall_a1_win,"A section of wall sounds hollow! You break through to a secret room with loot."
fake_wall_a1_lose,"Nothing unusual about these walls."
fake_wall_a2_act,"Knock the wall in"
fake_wall_a2_win,"The false wall caves — the smugglers' whole cache spills out!"
fake_wall_a2_lose,"That wall was real. Your shoulder disagrees with it."
sick_wanderer,"A wounded NPC lies against the wall, feverish and weak."
sick_wanderer_a0_act,"Brew a folk remedy"
sick_wanderer_a0_win,"The tea breaks the fever. Grateful, they tell you of a hidden room."
sick_wanderer_a0_lose,"The remedy soothes but doesn't cure. They sleep restlessly."
sick_wanderer_a1_act,"Diagnose and treat"
sick_wanderer_a1_win,"You treat the ailment. Grateful, they hand you a key to a locked door on this floor."
sick_wanderer_a1_lose,"The ailment is beyond your skill."
sick_wanderer_a2_act,"Attempt the risky surgery"
sick_wanderer_a2_win,"The surgery succeeds beyond hope! They press their entire map and coin purse on you."
sick_wanderer_a2_lose,"You do more harm than good. They wave you away, wincing."
triage_aftermath,"After the fight, the party's wounds need tending."
triage_aftermath_a0_act,"Apply salves and rest"
triage_aftermath_a0_win,"Field salves take the edge off — everyone feels a little better."
triage_aftermath_a0_lose,"The salves have gone rancid. No help there."
triage_aftermath_a1_act,"Proper triage"
triage_aftermath_a1_win,"You bandage wounds and set minor fractures — everyone regains vitality."
triage_aftermath_a1_lose,"The injuries are too fresh for field medicine to help much."
triage_aftermath_a2_act,"Aggressive field surgery"
triage_aftermath_a2_win,"Stitches, splints, and one very brave incision — the party feels remade!"
triage_aftermath_a2_lose,"The scalpel slips. Now there's one more wound to bind."
plague_source,"A foul contamination seeps from a crack in the floor."
plague_source_a0_act,"Read the flora die-off"
plague_source_a0_win,"The withered moss maps the seepage. You chart the safe ground for the party."
plague_source_a0_lose,"The die-off pattern makes no sense."
plague_source_a1_act,"Neutralize the source"
plague_source_a1_win,"You identify the contamination and neutralize it. The area is safe now."
plague_source_a1_lose,"The contamination remains, too hazardous to approach."
plague_source_a2_act,"Purge it with raw magic"
plague_source_a2_win,"Your purge sterilizes the crack — and crystallizes the residue into something sellable!"
plague_source_a2_lose,"The purge backfires, splashing you with the stuff."
secret_junction,"Something about this room feels off, like there's more here than meets the eye."
secret_junction_a0_act,"Measure the room"
secret_junction_a0_win,"The math doesn't add up — and the missing space holds a cache."
secret_junction_a0_lose,"The dimensions check out. Just a room."
secret_junction_a1_act,"Spot the hairline crack"
secret_junction_a1_win,"You notice a hairline crack in the masonry — a secret door! It leads to a bonus room."
secret_junction_a1_lose,"The walls are blank. Nothing hidden here."
secret_junction_a2_act,"Sound the walls with a hammer"
secret_junction_a2_win,"CLANG — hollow! You smash straight into the hidden vault!"
secret_junction_a2_lose,"The hammering echoes down every corridor on the floor."
hidden_switch,"The floor has a subtle pattern. One stone might be a pressure switch."
hidden_switch_a0_act,"Map the floor pattern"
hidden_switch_a0_win,"The pattern resolves into a sequence. The last stone sinks with a click."
hidden_switch_a0_lose,"The pattern repeats endlessly. No anomaly."
hidden_switch_a1_act,"Spot the depression"
hidden_switch_a1_win,"You spot the worn depression. Stepping on it opens a treasure alcove!"
hidden_switch_a1_lose,"Nothing stands out. Just another room."
hidden_switch_a2_act,"Stomp every stone"
hidden_switch_a2_win,"Stomp seventeen finds it — the alcove opens wide, twice the cache you hoped for!"
hidden_switch_a2_lose,"Stomp nine was a spike trigger."
ambush_warning,"The signs are subtle — disturbed dust, a faint smell. You might not be alone."
ambush_warning_a0_act,"Read the tracks"
ambush_warning_a0_win,"Fresh tracks, headed east. The party won't be caught off guard."
ambush_warning_a0_lose,"The tracks are old. Or you're reading them wrong."
ambush_warning_a1_act,"Notice the disturbed dust"
ambush_warning_a1_win,"You notice tracks! A lurking monster group is nearby — the party prepares."
ambush_warning_a1_lose,"No sign of anything lurking nearby."
treasure_glint,"Torchlight catches something shiny in the rubble."
treasure_glint_a0_act,"Follow the glint"
treasure_glint_a0_win,"A coin — and a thin trail of them leading to a spilled purse."
treasure_glint_a0_lose,"Just a shadow playing tricks on you."
treasure_glint_a1_act,"Dig through the rubble"
treasure_glint_a1_win,"You pry up a loose stone and find a small cache of gold!"
treasure_glint_a1_lose,"Nothing under the rubble but more rubble."
treasure_glint_a2_act,"Heave the slab aside"
treasure_glint_a2_win,"Under the slab: an entire strongbox, untouched for a century!"
treasure_glint_a2_lose,"The slab slips and pins your foot."
lost_trail,"The path ahead forks. One way winds — the other might be a shortcut."
lost_trail_a0_act,"Follow the worn path"
lost_trail_a0_win,"Boot-worn stone marks the traveled route — a modest shortcut."
lost_trail_a0_lose,"The trail leads in circles."
lost_trail_a1_act,"Read the moss and airflow"
lost_trail_a1_win,"The draft and moss growth point true — a shortcut straight toward the boss."
lost_trail_a1_lose,"The signs contradict each other."
lost_trail_a2_act,"Take the vertical shortcut"
lost_trail_a2_win,"Up the wall, along a beam, down a shaft — you cut past half the floor and land beside someone's dropped purse!"
lost_trail_a2_lose,"The beam snaps. It's a long way down."
forage_supplies,"The area has edible plants and hidden caches if you know where to look."
forage_supplies_a0_act,"Gather the basics"
forage_supplies_a0_win,"You scavenge successfully, finding useful supplies."
forage_supplies_a0_lose,"Nothing useful here."
forage_supplies_a1_act,"Harvest medicinal plants"
forage_supplies_a1_win,"Proper herbs, properly cut — the makings of good medicine."
forage_supplies_a1_lose,"The medicinal plants are all blighted."
safe_camp,"This nook could serve as a safe resting spot — if it's as sheltered as it looks."
safe_camp_a0_act,"Fortify the nook"
safe_camp_a0_win,"Barricaded and quiet — the party takes a short rest."
safe_camp_a0_lose,"Too exposed even with barricades. No rest here."
safe_camp_a1_act,"Verify it's truly hidden"
safe_camp_a1_win,"Sightlines checked, approaches watched — the party rests easy."
safe_camp_a1_lose,"You spot three ways a monster could stumble in. Not safe."
safe_camp_a2_act,"Rest right here, quietly"
safe_camp_a2_win,"The whole party rests in perfect silence — deeply, wonderfully. And someone finds coins in the bedding!"
safe_camp_a2_lose,"A snore. A loud one. Things are coming."
environment_hazard,"The ceiling groans under shifting weight. Treasure lies beyond the unstable stretch."
environment_hazard_a0_act,"Chart the stable ground"
environment_hazard_a0_win,"You guide the party through the unstable area safely, reaching the treasure."
environment_hazard_a0_lose,"No stable line through. You turn back."
environment_hazard_a1_act,"Pick through nimbly"
environment_hazard_a1_win,"Quick feet on solid spots — you're across and back with the goods."
environment_hazard_a1_lose,"A near-miss from falling rock ends the attempt."
environment_hazard_a2_act,"Everyone sprints through"
environment_hazard_a2_win,"The party sprints as the ceiling rains stone — everyone through, arms full of everything!"
environment_hazard_a2_lose,"The collapse catches the stragglers."
bluff_the_sentinel,"A spectral sentinel bars the way. It might respond to authority — or a convincing lie."
bluff_the_sentinel_a0_act,"Cite the old passphrases"
bluff_the_sentinel_a0_win,"The archaic greeting you recall satisfies its ancient orders. It stands aside."
bluff_the_sentinel_a0_lose,"The passphrase has evidently changed in the last thousand years."
bluff_the_sentinel_a1_act,"Bluff with confidence"
bluff_the_sentinel_a1_win,"Your confident bluff convinces the sentinel you belong here. It reveals the room's treasure."
bluff_the_sentinel_a1_lose,"The sentinel doesn't buy it."
bluff_the_sentinel_a2_act,"Command it to kneel"
bluff_the_sentinel_a2_win,"It KNEELS. And surrenders the vault inventory it was guarding!"
bluff_the_sentinel_a2_lose,"Its shriek of outrage rings through the dungeon."
feign_authority,"An official-looking courier approaches with a heavy satchel."
feign_authority_a0_act,"Size up the courier"
feign_authority_a0_win,"You read them perfectly and talk your way into a ""delivery fee""."
feign_authority_a0_lose,"They're unreadable. Best not to risk it."
feign_authority_a1_act,"Pose as an inspector"
feign_authority_a1_win,"You pose as an inspector so convincingly the courier hands over a tribute of gold!"
feign_authority_a1_lose,"You're ignored. The courier passes by."
feign_authority_a2_act,"Shake them down"
feign_authority_a2_win,"They empty the whole satchel and run!"
feign_authority_a2_lose,"They blow a warning whistle as they flee."
false_trail,"A rival party's tracks cross yours."
false_trail_a0_act,"Study the rival tracks"
false_trail_a0_win,"You backtrack them to a stashed supply drop. Finders keepers."
false_trail_a0_lose,"The tracks scatter over stone and vanish."
false_trail_a1_act,"Plant misdirection"
false_trail_a1_win,"The rivals follow your false trail and abandon their supplies. You claim the spoils!"
false_trail_a1_lose,"No one takes the bait."
cower_the_scavengers,"A pack of scavengers has claimed a cache of treasure."
cower_the_scavengers_a0_act,"Shoo them off gently"
cower_the_scavengers_a0_win,"Calm, firm gestures move them along. Most of the cache remains."
cower_the_scavengers_a0_lose,"They snap and hold their ground."
cower_the_scavengers_a1_act,"A fierce display"
cower_the_scavengers_a1_win,"Your fierce display sends them scurrying! You collect their hoard."
cower_the_scavengers_a1_lose,"They scatter, but take the goods with them."
cower_the_scavengers_a2_act,"Charge the pack"
cower_the_scavengers_a2_win,"You scatter them like leaves and claim everything they've ever hoarded!"
cower_the_scavengers_a2_lose,"The pack swarms you before fleeing."
demand_passage,"A greedy gatekeeper demands tribute to pass."
demand_passage_a0_act,"Haggle the toll down"
demand_passage_a0_win,"You talk the toll down to nothing — and charm a ""gift"" out of them besides."
demand_passage_a0_lose,"The gatekeeper holds firm on the price."
demand_passage_a1_act,"Bully your way through"
demand_passage_a1_win,"Your threatening presence convinces the gatekeeper to let you pass — with an apology gift."
demand_passage_a1_lose,"The gatekeeper holds firm, unimpressed."
demand_passage_a2_act,"Slip past while they argue"
demand_passage_a2_win,"While the gatekeeper lectures your decoy, the rest of you clean out the toll box!"
demand_passage_a2_lose,"Caught red-handed. The gatekeeper's bellow carries far."
awe_the_cultist,"A lone cultist recognizes your reputation."
awe_the_cultist_a0_act,"Read their fears"
awe_the_cultist_a0_win,"You see exactly what they dread and let them imagine it. They talk."
awe_the_cultist_a0_lose,"Their fanaticism is a closed book."
awe_the_cultist_a1_act,"Press your reputation"
awe_the_cultist_a1_win,"The cultist quakes and reveals the boss's weakness!"
awe_the_cultist_a1_lose,"The cultist flees before you can question them."
awe_the_cultist_a2_act,"Claim to be their dark master"
awe_the_cultist_a2_win,"They prostrate themselves and confess EVERYTHING — weaknesses, patrols, and where the tithes are kept!"
awe_the_cultist_a2_lose,"The real dark master, it seems, has a secret handshake. The alarm goes up."
riddle_court,"A fey creature blocks the path, demanding entertainment."
riddle_court_a0_act,"Recite an old fey tale"
riddle_court_a0_win,"It knows the tale — and adores your telling. A small boon is granted."
riddle_court_a0_lose,"It has heard that one. Many times. It yawns."
riddle_court_a1_act,"Sing for the fey"
riddle_court_a1_win,"Your performance delights the fey! It grants a boon."
riddle_court_a1_lose,"The fey is bored. You're dismissed with nothing."
riddle_court_a2_act,"Flatter with an invented epic"
riddle_court_a2_win,"Your shameless invented epic of its glory earns a mighty boon and a purse of fey gold!"
riddle_court_a2_lose,"Fey take poorly to flattery they see through. The curse stings."
echoing_alcove,"A magical instrument sits in an alcove with strange notation."
echoing_alcove_a0_act,"Study the notation"
echoing_alcove_a0_win,"You work out the sequence note by note. A compartment slides open."
echoing_alcove_a0_lose,"The notation defies analysis."
echoing_alcove_a1_act,"Play the melody"
echoing_alcove_a1_win,"Your melody resonates with the room's magic. A hidden compartment slides open!"
echoing_alcove_a1_lose,"A discordant noise. Nothing happens."
echoing_alcove_a2_act,"Amplify it with magic"
echoing_alcove_a2_win,"The amplified chord opens every compartment in the alcove at once!"
echoing_alcove_a2_lose,"The amplified discord howls through the entire floor."
distract_the_guard,"A roaming guard patrols near a treasure."
distract_the_guard_a0_act,"Wait for the patrol gap"
distract_the_guard_a0_win,"Patience pays. In the gap between rounds, the treasure walks off with you."
distract_the_guard_a0_lose,"The patrol never leaves a gap wide enough."
distract_the_guard_a1_act,"Put on a show"
distract_the_guard_a1_win,"The guard is captivated! Someone else slips past to snag the treasure."
distract_the_guard_a1_lose,"The guard ignores your antics. No opening."
distract_the_guard_a2_act,"Pickpocket mid-patrol"
distract_the_guard_a2_win,"You lift the treasure AND the guard's own coin purse in one pass!"
distract_the_guard_a2_lose,"A hand on your wrist. A whistle. Running."
merchant_discount,"The merchant quotes a high price."
merchant_discount_a0_act,"Spot what the merchant needs"
merchant_discount_a0_win,"You notice their worn boots and trade dungeon gossip for a discount."
merchant_discount_a0_lose,"The merchant's needs remain a mystery."
merchant_discount_a1_act,"Charm the merchant"
merchant_discount_a1_win,"Your silver tongue works wonders — prices reduced for this visit!"
merchant_discount_a1_lose,"The merchant holds firm on prices."
freed_captive,"A prisoner cowers in a cage."
freed_captive_a0_act,"Earn trust slowly"
freed_captive_a0_win,"Patience wins them over. They whisper of a hidden room."
freed_captive_a0_lose,"They stay silent, eyes down."
freed_captive_a1_act,"Convince them quickly"
freed_captive_a1_win,"You convince the prisoner you're trustworthy. They reveal a secret room!"
freed_captive_a1_lose,"The captive clams up and leaves without a word."
freed_captive_a2_act,"Break the cage open"
freed_captive_a2_win,"The cage bursts — the grateful captive maps every secret they overheard!"
freed_captive_a2_lose,"The cage's alarm chain rattles through the halls."
calm_the_crowd,"Hostile NPCs are on the verge of attacking."
calm_the_crowd_a0_act,"Find the ringleader"
calm_the_crowd_a0_win,"You pick out the instigator and quietly talk them down. The rest deflate."
calm_the_crowd_a0_lose,"No clear leader. The mob is a hydra."
calm_the_crowd_a1_act,"Talk them down"
calm_the_crowd_a1_win,"Your measured words defuse the tension. The room resolves peacefully, with compensation."
calm_the_crowd_a1_lose,"They mutter and disperse, giving nothing."
calm_the_crowd_a2_act,"The party stares them down"
calm_the_crowd_a2_win,"Five unblinking stares. The crowd drops their weapons AND their purses."
calm_the_crowd_a2_lose,"The staredown fails and the shouting draws every ear on the floor."
collapsing_pillar,"A cracked pillar groans over a narrow gap. Bracing it could let the whole party dash through before it falls."
collapsing_pillar_a0_act,"Time the groans"
collapsing_pillar_a0_win,"You read the rhythm and pick a safe moment."
collapsing_pillar_a0_lose,"The groans are erratic — you wait it out."
collapsing_pillar_a1_act,"Brace and sprint"
collapsing_pillar_a1_win,"You shoulder the pillar and the party bolts through, hearts pounding."
collapsing_pillar_a1_lose,"The pillar bucks you off — dust and stone rain down."
collapsing_pillar_a2_act,"Hold it for everyone"
collapsing_pillar_a2_win,"You hold the stone long enough for five pairs of boots — then leap clear as it crashes!"
collapsing_pillar_a2_lose,"It gives way mid-crossing. Debris hammers the rearmost."
boulder_crush,"A massive boulder blocks a side passage — and there's a glint of coin behind it."
boulder_crush_a0_act,"Find the leverage point"
boulder_crush_a0_win,"You locate a fulcrum and roll it aside with ease."
boulder_crush_a0_lose,"No good angle — it barely budges."
boulder_crush_a1_act,"Heave together"
boulder_crush_a1_win,"Muscle prevails. The hoard behind is yours."
boulder_crush_a1_lose,"It rolls back, pinning your purse of coin in the dirt."
boulder_crush_a2_act,"Crack it with a spike"
boulder_crush_a2_win,"The boulder splits clean — the treasure spills out!"
boulder_crush_a2_lose,"Shrapnel bursts outward as it cracks."
geyser_vault,"Scalding geysers erupt in a slow, predictable rhythm across a treasure plaza. The spray itself is invigorating to brave."
geyser_vault_a0_act,"Watch the cycle"
geyser_vault_a0_win,"You map the cycle and pick the calm path."
geyser_vault_a0_lose,"The pattern is too erratic — you stay put."
geyser_vault_a1_act,"Leap between plumes"
geyser_vault_a1_win,"You weave the eruptions, skin flushed with heat — you feel invincible."
geyser_vault_a1_lose,"A plume catches you. Painful, but you retreat alive."
geyser_vault_a2_act,"Bathe in the spray"
geyser_vault_a2_win,"The whole party storms the plaza — the steam hardens you for the fights ahead!"
geyser_vault_a2_lose,"Scalding water hammers everyone down."
collapsing_stair,"A grand stair is shedding steps as it falls. Sprinting it grants a rush of speed — if you don't fall."
collapsing_stair_a0_act,"Find sound treads"
collapsing_stair_a0_win,"You hop the intact stones carefully."
collapsing_stair_a0_lose,"Too risky — you find another way."
collapsing_stair_a1_act,"Bound up the ruin"
collapsing_stair_a1_win,"You vault the gaps, blood singing — the rush lingers."
collapsing_stair_a1_lose,"A step gives way; you barely catch the rail."
collapsing_stair_a2_act,"Race the collapse"
collapsing_stair_a2_win,"Five heroes outpace the avalanche of stone — adrenaline carries you onward!"
collapsing_stair_a2_lose,"The stair drops away beneath the slowest."
poison_needle,"A jewel sits on a poisoned pedestal. The needle is visible — disarming it cleanly pays double."
poison_needle_a0_act,"Map the trigger"
poison_needle_a0_win,"You see exactly where not to touch."
poison_needle_a0_lose,"The mechanism is too fine to read."
poison_needle_a1_act,"Lift the jewel clean"
poison_needle_a1_win,"Steady hands — the jewel slides free, needle never twitching."
poison_needle_a1_lose,"The needle pricks before you pull clear!"
poison_needle_a2_act,"Strip the whole trap"
poison_needle_a2_win,"You disarm it AND take the jewel — poison glands and all, worth a fortune."
poison_needle_a2_lose,"A spray of venom catches everyone working close."
switch_the_idol,"A gem-eyed idol sits on a weighted altar. A clever swap might let you walk away with the real prize."
switch_the_idol_a0_act,"Study the weight"
switch_the_idol_a0_win,"You gauge the idol's heft perfectly."
switch_the_idol_a0_lose,"The weight is unclear — too risky."
switch_the_idol_a1_act,"Swap in a fake"
switch_the_idol_a1_win,"A bag of sand trades places with the idol. Clean."
switch_the_idol_a1_lose,"The altar sinks — darts whistle out!"
switch_the_idol_a2_act,"Loot the eyes too"
switch_the_idol_a2_win,"Idol, eyes, and all — you strip the altar bare!"
switch_the_idol_a2_lose,"A saw-blade swings across the dais."
assassin_s_perch,"A bolted nest overlooks the chamber — an assassin's roost, still stocked. Climbing to it unseen is the trick."
assassin_s_perch_a0_act,"Climb the open column"
assassin_s_perch_a0_win,"You haul up the column in the open and claim the cache."
assassin_s_perch_a0_lose,"The handholds are slick — you slide back."
assassin_s_perch_a1_act,"Slip up the shadowed side"
assassin_s_perch_a1_win,"You reach the roost unheard and pocket the goods."
assassin_s_perch_a1_lose,"A loose tile clatters down — guards turn."
assassin_s_perch_a2_act,"Rig a rope for the party"
assassin_s_perch_a2_win,"A silent rope-line and everyone strips the roost together!"
assassin_s_perch_a2_lose,"The rope groans; the whole floor hears."
thieves_guild_cache,"Signs of the local guild are scratched on the wall — a hidden dead-drop may be near."
thieves_guild_cache_a0_act,"Read the scratches"
thieves_guild_cache_a0_win,"The code points to a loose stone — a small purse inside."
thieves_guild_cache_a0_lose,"The markings mean nothing to you."
thieves_guild_cache_a1_act,"Shadow the drop point"
thieves_guild_cache_a1_win,"You wait motionless, spot the trick stone, and lift a fat pouch."
thieves_guild_cache_a1_lose,"You fumble the catch — a bell jingles somewhere."
mana_rift,"A raw tear in the weave crackles against the wall. Drawing from it could recharge your casters — or burn."
mana_rift_a0_act,"Sip carefully"
mana_rift_a0_win,"A trickle of power flows back into your spells."
mana_rift_a0_lose,"The rift spits sparks; you withdraw."
mana_rift_a1_act,"Funnel the flow"
mana_rift_a1_win,"You shape the rift into a clean current — slots and charges refill!"
mana_rift_a1_lose,"The weave snaps back, scrambling your thoughts."
mana_rift_a2_act,"Bask in the tear"
mana_rift_a2_win,"The party drinks deep — every spell and ability brims full!"
mana_rift_a2_lose,"Raw magic sears your minds."
warding_seal,"A defensive ward-cluster glows on a door. Re-keying it to your side would shield the party — botching it curses."
warding_seal_a0_act,"Recite the old litany"
warding_seal_a0_win,"The ward recognizes the rite and hums to life around you."
warding_seal_a0_lose,"The litany is half-forgotten — the ward stays cold."
warding_seal_a1_act,"Re-key the runes"
warding_seal_a1_win,"You retune the sigils — a shimmering shield wraps the party."
warding_seal_a1_lose,"The runes invert — a curse bleeds out!"
warding_seal_a2_act,"Overload the ward"
warding_seal_a2_win,"The ward flares brilliant and coats everyone in arcane armor!"
warding_seal_a2_lose,"The ward detonates, cursing all who stand near."
forbidden_tome,"A chained grimoire whispers from a lectern. The lore within is potent — and corrosive to the unprepared mind."
forbidden_tome_a0_act,"Skim the margins"
forbidden_tome_a0_win,"You glean a fragment of safe, useful lore."
forbidden_tome_a0_lose,"The margins are gibberish."
forbidden_tome_a1_act,"Read a chapter aloud"
forbidden_tome_a1_win,"Power thrums through you — experience burns itself into memory."
forbidden_tome_a1_lose,"The words writhe — your stomach turns."
forbidden_tome_a2_act,"Devour the book"
forbidden_tome_a2_win,"The party absorbs the tome entire — a flood of hard-won insight!"
forbidden_tome_a2_lose,"Forbidden knowledge scourges your minds."
tactician_s_map,"A salt-rotted map shows the floor's battles. Reading the old deployments lends cunning to your own."
tactician_s_map_a0_act,"Note the chokepoints"
tactician_s_map_a0_win,"You mark the safest lanes — a useful edge."
tactician_s_map_a0_lose,"The ink has bled beyond reading."
tactician_s_map_a1_act,"Reconstruct the campaign"
tactician_s_map_a1_win,"The old general's plan clicks into place — your abilities feel refreshed."
tactician_s_map_a1_lose,"The map crumbles as you handle it."
tactician_s_map_a2_act,"Trace every battle"
tactician_s_map_a2_win,"The whole floor's history unfolds — your party fights like veterans!"
tactician_s_map_a2_lose,"You argue the tactics aloud — and loudly."
battle_standard,"A tattered banner stands in a forgotten rallying point. Raising it might stir old battle-fury."
battle_standard_a0_act,"Identify the legion"
battle_standard_a0_win,"You name the company — a small, steady pride stirs."
battle_standard_a0_lose,"The standard is too faded to identify."
battle_standard_a1_act,"Raise the pole"
battle_standard_a1_win,"The banner snaps upright — fury kindles in every chest."
battle_standard_a1_lose,"The pole rots through; it falls."
battle_standard_a2_act,"Swear the old oath"
battle_standard_a2_win,"The oath thunders out — the party is ablaze with rage!"
battle_standard_a2_lose,"The oath sits wrong on modern tongues — unease spreads."
murder_scene,"A grisly tableau — an adventurer, dead of something not quite physical. The scene has a story to tell."
murder_scene_a0_act,"Note the wounds"
murder_scene_a0_win,"The wound pattern reveals the killer — and its weakness."
murder_scene_a0_lose,"The body tells you nothing new."
murder_scene_a1_act,"Reconstruct the death"
murder_scene_a1_win,"You piece together the last moments — the boss's nature is laid bare."
murder_scene_a1_lose,"The scene was staged; you can't trust it."
pressure_runes,"Runes on the floor pulse in a weight-sensitive grid. The right path leads to a coffer; the wrong one, fire."
pressure_runes_a0_act,"Read the safe sequence"
pressure_runes_a0_win,"You decode the safe stones and step across."
pressure_runes_a0_lose,"The pattern is too dense to parse."
pressure_runes_a1_act,"Deduce the pattern"
pressure_runes_a1_win,"Logic wins — you cross and claim the coffer."
pressure_runes_a1_lose,"A wrong deduction — gouts of flame!"
pressure_runes_a2_act,"Sprint the grid"
pressure_runes_a2_win,"You crack the code on the fly — everyone skates through unburned!"
pressure_runes_a2_lose,"Half the party stands on the wrong stones."
blood_moss,"A carpet of crimson moss bleeds a thick, healing nectar — but the spores are toxic if disturbed wrong."
blood_moss_a0_act,"Press the fronds gently"
blood_moss_a0_win,"You milk a steady draught of healing nectar."
blood_moss_a0_lose,"The moss is dry here."
blood_moss_a1_act,"Harvest the right crop"
blood_moss_a1_win,"You pick only the benign heads — a potent party salve."
blood_moss_a1_lose,"You bruise the wrong heads — spores puff out."
blood_moss_a2_act,"Wring the whole carpet"
blood_moss_a2_win,"You harvest it all — enough nectar to drench the party in healing!"
blood_moss_a2_lose,"A cloud of crimson spores chokes everyone."
spirit_grove,"A ring of pale trees hums with cleansing light. Resting in it purges affliction — and steadies the spirit."
spirit_grove_a0_act,"Tend the wounded"
spirit_grove_a0_win,"A soft mend passes over the party's hurts."
spirit_grove_a0_lose,"The grove stays quiet."
spirit_grove_a1_act,"Breathe the pollen"
spirit_grove_a1_win,"Light fills every chest — poisons and curses burn away."
spirit_grove_a1_lose,"The pollen is too thin to matter."
spirit_grove_a2_act,"Invoke the grove's spirit"
spirit_grove_a2_win,"The grove blazes — every debuff scourged, the party inspired!"
spirit_grove_a2_lose,"The spirit is offended — it saps your vigor."
dedicated_offering,"An altar waits for an offering of blood or gold. A proper dedication could consecrate your blades."
dedicated_offering_a0_act,"Leave a token"
dedicated_offering_a0_win,"A faint blessing settles on your weapons."
dedicated_offering_a0_lose,"The altar rejects the token."
dedicated_offering_a1_act,"Speak the rite of edge"
dedicated_offering_a1_win,"Your blades shimmer with sacred light."
dedicated_offering_a1_lose,"The rite is mispronounced — the altar dims."
dedicated_offering_a2_act,"Anoint every blade"
dedicated_offering_a2_win,"The whole party's arms blaze with consecrated fire!"
dedicated_offering_a2_lose,"The altar finds your offering wanting — it curses you."
corrupted_font,"A once-holy font now wells with blackness. Cleansing it could purify the party — failing invites the corruption."
corrupted_font_a0_act,"Test the water"
corrupted_font_a0_win,"A careful dip reveals the cleansing was already done."
corrupted_font_a0_lose,"The blackness recoils — you leave it."
corrupted_font_a1_act,"Pronounce the exorcism"
corrupted_font_a1_win,"The blackness boils away — clear water washes the party clean."
corrupted_font_a1_lose,"The corruption surges — it stains you."
corrupted_font_a2_act,"Bathe in the font"
corrupted_font_a2_win,"You scour the font and yourselves in one rite — perfectly pure!"
corrupted_font_a2_lose,"The corruption drenches everyone."
alpha_wolf,"A wounded dire-wolf lord snarls from a pit. Dominating it could win a loyal companion for the floor."
alpha_wolf_a0_act,"Toss it food"
alpha_wolf_a0_win,"It eats, watches you warily, and trots along."
alpha_wolf_a0_lose,"It turns its nose up and limps away."
alpha_wolf_a1_act,"Hold out a hand"
alpha_wolf_a1_win,"Yellow eyes meet yours — the alpha lowers its head and joins you."
alpha_wolf_a1_lose,"It lunges; you barely pull your hand back."
alpha_wolf_a2_act,"Stare it down"
alpha_wolf_a2_win,"The whole party holds its gaze — the wolf submits, proud and loyal!"
alpha_wolf_a2_lose,"It reads your fear and leads the pack in."
stag_mount,"A great stag of strange intelligence paws at a gate. Calming it could lend its vigor to the party's stride."
stag_mount_a0_act,"Approach with grain"
stag_mount_a0_win,"It takes the grain and bows its head — a small spring in your step."
stag_mount_a0_lose,"It shies away into the dark."
stag_mount_a1_act,"Soothe the beast"
stag_mount_a1_win,"You lay hands on its flank — its vigor flows into the party."
stag_mount_a1_lose,"It bolts, clipping you with an antler."
stag_mount_a2_act,"Ride it as a mascot"
stag_mount_a2_win,"The stag accepts you all — the party moves like the wind!"
stag_mount_a2_lose,"It panics, trampling everyone in its rush."
read_the_traitor,"A captive taken in the fight sweats and stammers. Reading him right could pry loose the boss's secret."
read_the_traitor_a0_act,"Offer a deal"
read_the_traitor_a0_win,"He cracks easily — a useful crumb of intel."
read_the_traitor_a0_lose,"He clams up, suspicious of the deal."
read_the_traitor_a1_act,"Spot the lie he wants to tell"
read_the_traitor_a1_win,"You feed him the lie he's aching to tell — and learn the boss's weakness."
read_the_traitor_a1_lose,"He reads YOU instead — and grins."
gambling_den,"A back-room dice table, still felted. The crew here ran — but their pot and their marked dice remain."
gambling_den_a0_act,"Pocket the pot"
gambling_den_a0_win,"A quick palm — the house's loss is your gain."
gambling_den_a0_lose,"The pot was already emptied."
gambling_den_a1_act,"Read the marked dice"
gambling_den_a1_win,"You spot the rig and clean out what they stashed."
gambling_den_a1_lose,"You misread the rig — and pay the house back."
field_hospital,"A field surgeon's kit lies abandoned, bandages and salves still good. Tending the party now pays double."
field_hospital_a0_act,"Use the salves"
field_hospital_a0_win,"A brisk mend passes over everyone."
field_hospital_a0_lose,"The salves have gone rancid."
field_hospital_a1_act,"Proper triage"
field_hospital_a1_win,"You clean, stitch, and dose — the party is healed AND cleansed."
field_hospital_a1_lose,"The kit's poultice was tainted."
plague_corpse,"A plague-riddled corpse slumps against a sealed door. Diagnosing it reveals what — and who — lies beyond."
plague_corpse_a0_act,"Last rites and retreat"
plague_corpse_a0_win,"You note the sores' pattern as you pray — useful."
plague_corpse_a0_lose,"The rites done, you learn nothing new."
plague_corpse_a1_act,"Open the corpse"
plague_corpse_a1_win,"The plague's signature is unmistakable — the boss's nature is clear."
plague_corpse_a1_lose,"A spray of infected blood catches you."
sniper_s_nest,"An old sniper's roost overlooks the next hall. The vantage hardens you to what's coming."
sniper_s_nest_a0_act,"Check the roost"
sniper_s_nest_a0_win,"You find a serviceable vantage — a small edge."
sniper_s_nest_a0_lose,"The roost has collapsed."
sniper_s_nest_a1_act,"Read the kill-zone"
sniper_s_nest_a1_win,"You map every angle — the party steels itself, damage halved ahead."
sniper_s_nest_a1_lose,"You misread a creak — a crossbow fires!"
sniper_s_nest_a2_act,"Spot every trap on the floor"
sniper_s_nest_a2_win,"The whole floor's ambushes lay bare — the party becomes iron!"
sniper_s_nest_a2_lose,"You lean out too far — the old trap still works."
lost_map_cache,"A rolled chart peeks from a dead scout's pack. The boss's location could be yours — if you read it before the ink flees."
lost_map_cache_a0_act,"Note the landmarks"
lost_map_cache_a0_win,"You get a rough sense of the floor — useful."
lost_map_cache_a0_lose,"The landmarks have shifted."
lost_map_cache_a1_act,"Read the marching lines"
lost_map_cache_a1_win,"The chart is plain — the boss's chamber stands revealed."
lost_map_cache_a1_lose,"You fumble and tear the chart — and pay for a new copy."
hunter_s_trophies,"A rack of beast-trophies radiates a faint vigor. Donning a tooth or claw hardens the body."
hunter_s_trophies_a0_act,"Take a token"
hunter_s_trophies_a0_win,"A small,steady fortitude settles in."
hunter_s_trophies_a0_lose,"The trophies are all rotted."
hunter_s_trophies_a1_act,"Choose the right charm"
hunter_s_trophies_a1_win,"You pick a potent trophy — the party feels fortified."
hunter_s_trophies_a1_lose,"The beast's spirit objects — a spectral bite."
wyrm_track,"A scorched, claw-marked trail leads deeper. Reading it tells you exactly what waits at the bottom."
wyrm_track_a0_act,"Note the claw count"
wyrm_track_a0_win,"The track is unmistakably draconic — useful."
wyrm_track_a0_lose,"The track is too cold to read."
wyrm_track_a1_act,"Follow the scorch"
wyrm_track_a1_win,"You trace the beast — the boss's identity and weakness are clear."
wyrm_track_a1_lose,"You blunder down a side tunnel, kicking rubble."
wild_camp,"A hidden dell offers a brief, safe rest. Setting watch properly is the difference between rest and ambush."
wild_camp_a0_act,"Quick scout"
wild_camp_a0_win,"You confirm the dell is safe — a brief breather."
wild_camp_a0_lose,"You can't be sure — you push on."
wild_camp_a1_act,"Set proper watch"
wild_camp_a1_win,"A clean, short rest — abilities restored."
wild_camp_a1_lose,"Your watch fires at shadows — and wakes the wild."
wild_camp_a2_act,"Long rest in the wild"
wild_camp_a2_win,"A full, safe recovery in the enemy's blind spot!"
wild_camp_a2_lose,"Smoke and snoring carry — the whole floor stirs."
smuggler_s_toll,"A smuggler's post guards a bridge. Flashing the right sign and confidence could wave you through rich."
smuggler_s_toll_a0_act,"Read what they want"
smuggler_s_toll_a0_win,"You catch their tells and play along."
smuggler_s_toll_a0_lose,"Their game is too opaque."
smuggler_s_toll_a1_act,"Fake the password"
smuggler_s_toll_a1_win,"You bluff the countersign — they wave you through with a ""gift""."
smuggler_s_toll_a1_lose,"The bluff fails — they shout the alarm."
smuggler_s_toll_a2_act,"Rob them blind"
smuggler_s_toll_a2_win,"You play them so well they hand over the whole stash!"
smuggler_s_toll_a2_lose,"The con collapses — every post on the floor hears."
false_priest,"A naive cult tends a shrine. Donning their vestments and leading a rite could inspire your party — or draw a curse."
false_priest_a0_act,"Mutter along"
false_priest_a0_win,"A faint, steady resolve settles on the party."
false_priest_a0_lose,"The rite feels wrong — you stop."
false_priest_a1_act,"Lead the rite"
false_priest_a1_win,"You play the priest flawlessly — the party leaves inspired."
false_priest_a1_lose,"The cult senses the fraud — the rite inverts."
false_priest_a2_act,"Bless the whole party"
false_priest_a2_win,"A flawless sermon — the party walks out aflame with confidence!"
false_priest_a2_lose,"The heresy is plain — the cult curses you all."
warlord_s_tribute,"A warlord's old strongbox sits under a glaring guard-statue. Taking it by presence, not force, is the trick."
warlord_s_tribute_a0_act,"Claim a small share"
warlord_s_tribute_a0_win,"You talk your way to a token."
warlord_s_tribute_a0_lose,"The statue is unmoved."
warlord_s_tribute_a1_act,"Demand the box"
warlord_s_tribute_a1_win,"You shout the old warlord's name — the tribute is yours."
warlord_s_tribute_a1_lose,"Your voice cracks — the statue's gaze frightens you."
warlord_s_tribute_a2_act,"Claim the warlord's name"
warlord_s_tribute_a2_win,"Five voices bellow the name — the strongbox and more are yours!"
warlord_s_tribute_a2_lose,"The name does not take — dread fills the chamber."
break_the_line,"A shield-wall of old constructs blocks the way. A roaring charge could shatter their nerve before a blade is drawn."
break_the_line_a0_act,"Find the weak file"
break_the_line_a0_win,"You spot the gap — a small advantage."
break_the_line_a0_lose,"The line is solid everywhere."
break_the_line_a1_act,"Roar the charge"
break_the_line_a1_win,"Your roar cracks the line — fury carries the party through."
break_the_line_a1_lose,"They hold — and the noise echoes on."
break_the_line_a2_act,"Bellow as one"
break_the_line_a2_win,"A unified roar shatters the constructs AND every nerve on the floor — the party is berserk!"
break_the_line_a2_lose,"The constructs reform — and now the floor is awake."
bardic_contest,"A spectral bard demands a contest before you pass. Winning earns the lore of old masters; losing costs pride."
bardic_contest_a0_act,"Cite the classics"
bardic_contest_a0_win,"Your scholarship impresses — a small share of lore."
bardic_contest_a0_lose,"The bard finds you dull."
bardic_contest_a1_act,"Play a piece"
bardic_contest_a1_win,"Your tune wins — the bard gifts you a verse of hard-won experience."
bardic_contest_a1_lose,"You fumble a phrase — the bard jeers."
bardic_contest_a2_act,"A full ensemble"
bardic_contest_a2_win,"The party plays as one — the bard is moved to teach you everything!"
bardic_contest_a2_lose,"A cacophony — the bard's criticism cuts deep."
lullaby,"A music box plays an endless, drowsy tune. Harmonizing could soothe the party's hurts — or lull you senseless."
lullaby_a0_act,"Rest to the tune"
lullaby_a0_win,"A refreshing pause — minor hurts mend."
lullaby_a0_lose,"The tune is just noise."
lullaby_a1_act,"Harmonize"
lullaby_a1_win,"You weave the melody into a balm — the party heals."
lullaby_a1_lose,"You nod off mid-phrase; everyone wakes groggy."
recruit_the_guard,"A lone, weary guard eyes your coin and your cause. The right words could turn his coat — and arm."
recruit_the_guard_a0_act,"Feel out his price"
recruit_the_guard_a0_win,"You learn he's almost ready — a nudge later, he's yours."
recruit_the_guard_a0_lose,"He stays cagey."
recruit_the_guard_a1_act,"Appeal to his fatigue"
recruit_the_guard_a1_win,"He sighs, drops his pike, and joins the column."
recruit_the_guard_a1_lose,"He balks — and demands a bribe you can't refuse."
recruit_the_guard_a2_act,"Turn the whole watch"
recruit_the_guard_a2_win,"Your words sweep the watch — a squad of turncoats joins you!"
recruit_the_guard_a2_lose,"The captain overhears — and fines you for the trouble."
royal_pardon,"A wax-sealed pardon lies on a clerk's desk. Flashing it could open the sealed vault nearby — or raise the alarm."
royal_pardon_a0_act,"Verify the seal"
royal_pardon_a0_win,"The seal is genuine — you note which vault it opens."
royal_pardon_a0_lose,"The seal is too smudged to read."
royal_pardon_a1_act,"Present the pardon"
royal_pardon_a1_win,"The vault's ward accepts the seal — and swings wide."
royal_pardon_a1_lose,"The clerk screams fraud before the ward drops."
royal_pardon_a2_act,"Claim a ducal errand"
royal_pardon_a2_win,"You bluff the whole sealed wing open — secret rooms galore!"
royal_pardon_a2_lose,"The bluff collapses; every ward in the wing shrieks."
tavern_tales,"Around the merchant's fire, a traveling bard offers a tale for a tale. A good story could lift spirits before you descend."
tavern_tales_a0_act,"Recall an old legend"
tavern_tales_a0_win,"The bard nods — the party feels a familiar, steady resolve."
tavern_tales_a0_lose,"The bard has heard it before."
tavern_tales_a1_act,"Tell your own exploits"
tavern_tales_a1_win,"Your tale rouses the camp — the party sets out inspired."
tavern_tales_a1_lose,"The tale falls flat — polite silence."
mark_the_mark,"A sharper-eyed merchant's guard is running a side hustle. Reading him could win a tidy purse."
mark_the_mark_a0_act,"Watch his hands"
mark_the_mark_a0_win,"You spot the loaded game — a small, easy profit."
mark_the_mark_a0_lose,"His hands are too quick."
mark_the_mark_a1_act,"Read his hustle"
mark_the_mark_a1_win,"You play along just enough to clean him out."
mark_the_mark_a1_lose,"He reads you back — and lightens your purse."
locked_chest_trapped,"An iron-bound chest sits unopened, its lock tarnished but cunning. A trap mechanism glints in the keyhole."
locked_chest_trapped_a0_act,"Inspect for traps first"
locked_chest_trapped_a0_win,"You find and ease the trigger. The lock yields meekly."
locked_chest_trapped_a0_lose,"The mechanism is too well hidden — you resort to brute force."
locked_chest_trapped_a1_act,"Pick the lock"
locked_chest_trapped_a1_win,"Tumblers fall one by one — the lid swings open."
locked_chest_trapped_a1_lose,"A pin snaps with a sharp click! A dart fires."
locked_chest_trapped_a2_act,"Everyone pry it open"
locked_chest_trapped_a2_win,"Crowbars bite, the hinge screams — and the chest yields its hoard!"
locked_chest_trapped_a2_lose,"Springs and darts! Everyone ducks a heartbeat too late."
ancient_shrine,"A weathered shrine hums with old power. The correct rites might amplify its blessing before you rest."
ancient_shrine_a0_act,"Offer a quiet prayer"
ancient_shrine_a0_win,"The shrine warms — a ward settles over the party."
ancient_shrine_a0_lose,"The shrine stays cold. No heed."
ancient_shrine_a1_act,"Channel the resonance"
ancient_shrine_a1_win,"Arcane energy flows — the party is shielded."
ancient_shrine_a1_lose,"The energy disperses into the stone."
ancient_shrine_a2_act,"Invoke the old name aloud"
ancient_shrine_a2_win,"The shrine blazes! A powerful ward shields everyone."
ancient_shrine_a2_lose,"Blasphemy — the shrine recoils with a frightful roar."
whispers_at_the_threshold,"Before the final door, old carvings murmur of what waits beyond. A clever reading could reveal its weakness."
whispers_at_the_threshold_a0_act,"Recall what the carvings depict"
whispers_at_the_threshold_a0_win,"The tale names the foe — and where it falters."
whispers_at_the_threshold_a0_lose,"The script is too weathered to parse."
whispers_at_the_threshold_a1_act,"Read the binding runes"
whispers_at_the_threshold_a1_win,"The runes lay the boss's nature bare. It is marked."
whispers_at_the_threshold_a1_lose,"The runes are cold and uninformative."
whispers_at_the_threshold_a2_act,"Demand the truth"
whispers_at_the_threshold_a2_win,"The carvings blaze — the boss's weakness is laid open for all to see!"
whispers_at_the_threshold_a2_lose,"The carvings screech. Something stirs beyond the door."
